AV1051|JBL Bluetooth Speaker|89.95|Audio Video
AV1312|Mini 1000 Lumens Projector|149.95|Audio Video
GM1148|Retro Handheld Arcade|24.45|Games
PW1001|Solar Powered Battery Charger|19.99|Electronics
EL1077|Smart LED Light Strip Kit|35.99|Electronics
GM1522|Ergonomic Gaming Mouse|49.95|Games
AV1740|Wireless Noise-Cancelling Headphones|129.00|Audio Video
SMH103|Smart Wi-Fi Thermostat|119.99|Smart Home
PH1109|Portable Power Bank 20000mAh|29.99|Electronics
GM1987|Virtual Reality Headset Basic|299.50|Games
